1,0.8729826835068789,66.25,30.69264069264069,30.576024909185264,28.81993769470405
2,0.8912882439114831,50.0,38.63046482623791,37.27773406766325,29.345391860327076
3,0.5009876408360221,44.375,37.553606237816766,34.28009441384736,24.196317551410807
4,0.6577485474673185,69.375,43.082916057599604,44.255821350251935,41.19514472455649
5,0.7131869765845212,53.125,43.102614809931886,32.47836349331235,29.859959943319005
6,0.5422970191998915,55.625,22.642777155655097,26.12116443745083,22.791031390134528
7,0.6408464956012639,74.375,49.11295911295911,40.771046420141616,39.74231828777283
8,0.4697682491757653,90.0,53.252773613193405,51.28245476003146,51.9170558345816
9,0.3374655409292741,68.125,42.40546662639686,44.350904799370575,40.38060800091471
10,0.3105226003310897,83.75,51.36958443854995,46.03461841070024,46.230663656975665
11,0.3076989345929839,87.5,52.2,51.510621557828486,51.373551146751936
12,0.2488807693801143,61.25,43.18095238095238,37.862128998777976,34.717141301214085
13,0.26698451015082275,63.75,45.733377881724024,37.021443996183265,31.56410988383583
14,0.30164349180730904,90.625,52.95288427363899,54.335169158143195,53.511538461538464
15,0.3246408507905223,84.375,54.31372549019608,44.272226593233675,44.160790174193245
16,0.28052145310423593,95.0,55.89502164502164,57.2462627852085,56.48472811531401
17,0.25872062282128766,90.0,52.617933723196884,53.288749016522424,52.832578962399246
18,0.4431754509833726,88.125,51.94963091619627,54.96459480723839,52.50219529329117
19,0.3694976036521522,87.5,51.93720565149137,54.53906289234478,52.1999122229537
20,0.3194354237480597,93.75,55.779752952905596,55.592681252824875,55.68328445747801
21,0.29623570157722995,88.125,51.90711462450592,54.78296533136918,52.520404204614735
22,0.3096038533205336,91.25,54.517647058823535,52.974036191974825,53.53884278570988
23,0.2683449722826481,88.75,54.86868686868687,49.18961447678993,50.07950197267987
24,0.29085143841803074,92.5,54.26869312318229,55.46813532651456,54.79285068457763
25,0.19072222912853415,98.75,59.52380952380952,58.70967741935484,59.092369477911646
26,0.1946055247363719,90.0,52.8896410464998,54.931784321274925,53.53046594982078
27,0.22773642330007118,90.0,52.932816537467694,54.931784321274925,53.422711248798215
28,0.18814646605063567,95.625,56.77710843373494,56.72564742119624,56.73693456302152
29,0.13968643359839916,93.75,56.23344722504387,54.75216365066876,55.34759428511397
30,0.18204869160597975,88.75,52.02156334231806,55.20849724626279,52.92543099431553
31,0.16105765840885314,93.75,55.11319529158284,55.99394010412307,55.51014018359069
32,0.22151275622573766,85.0,50.98557692307692,53.601453035806955,50.992747143927204
33,0.22237069498408923,95.625,57.39495798319327,56.28638867033832,56.78879529077439
34,0.15173736536367374,82.5,48.12588248072119,50.76317859952793,48.613861386138616
35,0.23042006214911287,93.125,55.43763066202091,54.909520062942555,55.11108364622
36,0.19010750576853752,92.5,54.36546575787082,55.3625056497648,54.578267848419294
37,0.1528565605933016,93.125,55.27272727272727,56.91581431943352,55.88267125031831
38,0.18484391763129018,93.75,55.459861167823604,55.95594020456333,55.6827857153185
39,0.16548147492788054,96.875,57.51198695818948,58.379228953579855,57.91835567178816
40,0.1572870390320366,91.875,53.79773242630385,55.443862262919126,54.48181069176411
41,0.1429968261244622,97.5,58.877450980392155,57.41935483870968,58.050881902257196
42,0.1969422289932316,98.125,59.294117647058826,58.503774879890194,58.87806710171958
43,0.13650606674226848,92.5,55.598464317976514,53.86309992132179,54.36552435731378
44,0.12013461762531237,93.125,54.8750409254611,56.11329661683713,55.43045476536042
45,0.1234926161440936,92.5,54.45945945945946,56.490282404539904,55.147893148801835
46,0.11455091495405544,97.5,58.08333333333333,58.62313139260425,58.34326557133575
47,0.205108983526853,94.375,55.46265328874025,57.44161909704203,56.177404678740196
48,0.13803125528449361,96.25,57.679513184584174,56.749920484791666,57.186143841349555
49,0.18055100231008095,91.25,53.289760348583876,54.98033044846577,53.93054470282193
50,0.16245113448663193,98.125,58.696314952279955,58.90503373118838,58.793475953192704
51,0.14364111990752546,97.5,58.42587370759634,58.04024306543683,58.227225164092964
52,0.17767779546027834,96.25,57.76231097990078,57.33280881195908,57.51829268292683
53,0.1467853547497229,96.875,57.45833333333333,57.97797010228167,57.708344936415116
54,0.10041092615574598,98.75,59.11093627065303,59.11093627065303,59.11093627065303
55,0.15158868936652486,84.375,50.79443892750744,50.595108559184425,48.917327398340056
56,0.14455676908520135,94.375,55.63528138528138,57.002360346184105,56.23315578826998
57,0.13120749084786934,96.25,57.07575757575758,57.73406766325728,57.38425925925926
58,0.12481379136443138,95.625,56.96666666666666,57.088906372934694,57.00135829593326
59,0.13136518505317243,96.25,57.29358974358975,58.13532651455547,57.679062346588125
60,0.14193201962519775,94.375,56.004367575122295,55.397324940991346,55.547552149851
61,0.13541407925500112,91.25,53.91480730223124,53.12603579021377,53.31113251685703
62,0.14856772700493986,97.5,58.22187254130606,58.22187254130606,58.22187254130606
63,0.10922292188148607,98.125,58.33333333333333,58.867033831628646,58.59017915158266
64,0.10768408531492407,98.75,58.78787878787879,59.51219512195122,59.12808641975308
65,0.15643936878239567,96.25,57.07575757575758,57.73406766325728,57.38425925925926
66,0.14635753292929043,97.5,57.71428571428571,59.02439024390244,58.28787878787879
67,0.15575181421908466,94.375,55.924179798501676,56.60110149488592,56.24309868875086
68,0.11148337003859607,98.125,58.87291099883405,58.68540435575942,58.77614858260019
69,0.08396555949002504,95.625,56.748189598420005,57.088906372934694,56.90710872162485
70,0.08736444417048585,98.75,59.52380952380952,58.70967741935484,59.092369477911646
71,0.1219000265171582,98.125,58.50308641975308,58.867033831628646,58.67952088810985
72,0.12692842983894728,95.625,57.03614457831325,56.68764752163651,56.856433184302034
73,0.10747538007457148,96.875,57.64307228915662,57.614711150543215,57.614279440366396
74,0.13873967248946428,98.125,58.50308641975308,58.867033831628646,58.67952088810985
75,0.1637891022996469,94.375,55.88734567901234,56.19984264358773,56.03856266432954
76,0.1296633527698842,98.75,59.11093627065303,59.11093627065303,59.11093627065303
77,0.1018501983278177,97.5,58.22187254130606,58.22187254130606,58.22187254130606
78,0.10364412050694227,96.875,57.9437751004016,57.57671125098348,57.75459513164431
79,0.08673782595856623,97.5,57.8186274509804,59.02439024390244,58.3663967611336
80,0.13115332995287396,99.375,59.375,59.756097560975604,59.559840296036626
81,0.12788388365879655,98.75,59.52380952380952,58.70967741935484,59.092369477911646
82,0.10011270345950668,98.125,58.691258462763834,58.867033831628646,58.77621423437874
83,0.11869222169149328,98.75,58.95833333333333,59.51219512195122,59.2250997865033
84,0.10043888746506789,96.25,56.90592635212888,57.73406766325728,57.29335567178816
85,0.09048912962051955,98.125,58.68540435575942,58.68540435575942,58.68540435575942
86,0.1378975190560926,98.125,59.294117647058826,58.064516129032256,58.623769410331874
87,0.1616700752214952,95.625,56.8846397119642,57.49016522423288,57.1433508887426
88,0.12082522836598483,99.375,59.75903614457832,59.354838709677416,59.550919026328856
89,0.09838203552433035,96.875,57.99539170506912,57.614711150543215,57.79296709981581
90,0.10718795479359952,92.5,54.29051107622536,56.67191188040913,55.167748917748916
91,0.12395007722079754,85.625,51.24522536287243,51.26454291310243,49.70460251533492
92,0.11466813112863085,99.375,59.375,59.756097560975604,59.559840296036626
93,0.12080082314258273,97.5,57.765151515151516,58.62313139260425,58.1668028767571
94,0.120658053339205,97.5,57.71428571428571,59.02439024390244,58.28787878787879
95,0.10664919569072398,94.375,55.533063427800265,56.85873076987461,55.98196368848543
96,0.1179407062008977,99.375,59.75903614457832,59.354838709677416,59.550919026328856
97,0.0779080823995173,97.5,58.41175045007617,57.820613690007875,58.09250398724082
98,0.12254692156883804,98.125,58.23529411764706,58.90503373118838,58.51944108172436
99,0.1314302965659987,97.5,58.22187254130606,58.22187254130606,58.22187254130606
100,0.10209049352190712,98.125,58.50308641975308,58.867033831628646,58.67952088810985
101,0.08053773247890851,98.75,59.11093627065303,59.11093627065303,59.11093627065303
102,0.11238092224282975,94.375,57.12454212454213,54.99606608969316,55.72155287817939
103,0.11829259170388634,96.25,57.07575757575758,57.73406766325728,57.38425925925926
104,0.0829669427422976,98.125,58.506097560975604,58.68540435575942,58.588662845153806
105,0.11393377493897622,79.375,49.17283950617284,46.06307648526039,43.64890732988893
106,0.11417625463483008,96.25,56.80555555555556,58.53658536585366,57.537442699891606
107,0.11921852225945755,96.875,57.393894266567386,58.379228953579855,57.840420449116095
108,0.1086996992287988,96.875,58.46078190312269,57.57671125098348,57.96032357473035
109,0.14712130625478245,96.25,56.89795918367347,58.53658536585366,57.611718450326045
110,0.10610758631744167,95.625,56.768292682926834,56.90727689706547,56.83101669726375
111,0.0994101937182925,96.875,57.68050891242573,58.379228953579855,58.00983436853003
112,0.11759562697261572,96.875,57.88333333333334,57.97797010228167,57.904009581098194
113,0.07451759719035843,99.375,59.75903614457832,59.354838709677416,59.550919026328856
114,0.08845176801762798,98.75,59.11093627065303,59.11093627065303,59.11093627065303
115,0.06462789468721232,99.375,59.375,59.756097560975604,59.559840296036626
116,0.077549288388003,98.75,58.78787878787879,59.51219512195122,59.12808641975308
117,0.06847092856399038,95.625,57.10959939531367,57.088906372934694,57.08509336551678
118,0.09621524336663159,95.625,56.40692640692642,57.891424075531084,57.02994461653994
119,0.07911567969925025,98.125,58.371212121212125,59.268292682926834,58.7918028767571
120,0.09482885761694475,97.5,57.93181818181817,58.62313139260425,58.25617283950618
121,0.10054000094532967,96.25,57.71428571428571,57.151179336089854,57.42271040799899
122,0.07470393299379131,98.75,59.52380952380952,58.70967741935484,59.092369477911646
123,0.06457836007360708,96.875,57.46112115732369,58.59885832900882,57.95170701201556
124,0.09949673216959293,93.125,54.868024132730014,55.93166714096791,55.34919028340081
125,0.0805843635885553,96.875,57.55,58.379228953579855,57.929062346588125
126,0.10330126798627051,100.0,60.0,60.0,60.0
127,0.10763871635903012,98.125,59.294117647058826,58.064516129032256,58.623769410331874
128,0.09916755358095873,96.25,57.08193041526374,57.55243818738804,57.296449304043804
129,0.1137212531810457,95.0,56.219696969696976,56.8450039339103,56.51234567901234
130,0.10794215302237055,98.125,58.23529411764706,59.268292682926834,58.704252269469656
131,0.07547027050432834,95.625,56.570992033176914,57.891424075531084,57.16436865021772
132,0.08367288811132312,96.875,57.51198695818948,58.379228953579855,57.91835567178816
133,0.0968862913379615,95.625,56.65276179516686,57.49016522423288,57.04490846681922
134,0.080471370623193,98.75,58.78787878787879,59.51219512195122,59.12808641975308
135,0.1071131161668084,96.25,56.75675675675676,58.17332641411521,57.30051150895141
136,0.0883180584800853,96.875,57.63117283950616,57.97797010228167,57.79920148018307
137,0.09198439252478155,98.75,59.33943089430894,59.11093627065303,59.21770239272712
138,0.0847541843964295,98.125,58.23529411764706,59.268292682926834,58.704252269469656
139,0.06149722343649377,97.5,59.06976744186047,57.41935483870968,58.14449917898194
140,0.06943120282482017,98.75,58.78787878787879,59.51219512195122,59.12808641975308
141,0.07873131620528345,98.125,58.23529411764706,59.268292682926834,58.704252269469656
142,0.07057574977674945,95.625,57.10959939531367,57.088906372934694,57.08509336551678
143,0.07858189417641949,97.5,58.86904761904761,57.820613690007875,58.29059682082478
144,0.072637883417139,98.75,59.11093627065303,59.11093627065303,59.11093627065303
145,0.07374348461797292,96.875,57.95238095238095,57.39508177511425,57.66367426342068
146,0.09026041440665722,96.25,57.15402230187176,57.33280881195908,57.240492880727444
147,0.07066898975013332,97.5,58.04609717244125,58.22187254130606,58.13105294405616
148,0.06648543091829527,91.875,54.158864391422526,55.557861961598334,54.267058209803814
149,0.07194594727744433,95.625,57.505532333415296,56.68764752163651,57.0399332306112
150,0.07645264687016606,95.625,56.40692640692642,57.891424075531084,57.02994461653994
151,0.08209869947115128,95.0,56.33333333333333,56.8450039339103,56.57959714100065
152,0.11344099476594817,98.125,58.672764227642276,58.465774980330444,58.56196468780909
153,0.08521700599654154,96.25,57.20564092461255,57.55243818738804,57.37366956528945
154,0.1017903085290031,96.875,58.18747010999522,57.175452399685284,57.56046068553578
155,0.0865491635843434,97.5,58.22187254130606,58.22187254130606,58.22187254130606
156,0.07524011622775685,98.125,58.691258462763834,58.867033831628646,58.77621423437874
157,0.06460780163549563,96.875,57.222222222222214,58.05396990140114,57.4958744111752
158,0.09376523779197173,97.5,57.93181818181817,58.62313139260425,58.25617283950618
159,0.10004823430525986,97.5,58.5960591133005,57.820613690007875,58.184738955823285
160,0.08424418224868449,97.5,57.933673469387756,58.62313139260425,58.25828157349897
161,0.06600780021505091,99.375,59.75903614457832,59.354838709677416,59.550919026328856
162,0.1033610876395621,98.125,58.371212121212125,59.268292682926834,58.7918028767571
163,0.06690815091133118,96.25,57.20833333333333,57.73406766325728,57.46143135616819
164,0.08484599574215033,97.5,57.71428571428571,59.02439024390244,58.28787878787879
165,0.09571329614316876,95.625,56.768292682926834,56.90727689706547,56.83101669726375
166,0.08253248302604664,97.5,58.08333333333333,58.62313139260425,58.34326557133575
167,0.08405471123246984,98.125,58.33333333333333,58.867033831628646,58.59017915158266
168,0.0866014716130766,98.125,59.10140562248996,58.465774980330444,58.759170653907496
169,0.08333158840171316,96.875,57.63117283950616,57.97797010228167,57.79920148018307
170,0.08565609423782337,95.625,56.768292682926834,56.90727689706547,56.83101669726375
171,0.07641356559046968,99.375,59.58333333333333,59.756097560975604,59.666774297707455
172,0.05197506459345194,97.5,57.71428571428571,59.02439024390244,58.28787878787879
173,0.06407385450703176,99.375,59.375,59.574468085106375,59.46748591909883
174,0.07003731167060323,97.5,57.93181818181817,58.62313139260425,58.25617283950618
175,0.07170264934062619,97.5,57.71428571428571,58.842760768033216,58.200154216984515
176,0.06830638033253225,97.5,58.13333333333334,58.22187254130606,58.15092316134511
177,0.06471520140555433,98.75,58.95833333333333,59.51219512195122,59.2250997865033
178,0.06014677985909988,98.75,59.11093627065303,59.11093627065303,59.11093627065303
179,0.06185033610513942,98.125,58.85140562248996,58.465774980330444,58.65275707898659
180,0.08245610013942826,95.625,57.851458885941646,55.88512981904013,56.715457282258896
181,0.0846931484781883,98.125,58.50308641975308,58.867033831628646,58.67952088810985
182,0.09416209360245954,97.5,57.93181818181817,58.62313139260425,58.25617283950618
183,0.061066510124047374,96.875,58.07692307692307,57.57671125098348,57.7260362571097
184,0.08046079194173217,99.375,59.75903614457832,59.354838709677416,59.550919026328856
185,0.059381917246024714,99.375,59.375,59.756097560975604,59.559840296036626
186,0.06790784145282074,98.75,59.52380952380952,58.70967741935484,59.092369477911646
187,0.06544802558015693,96.25,56.75675675675676,57.62843798650753,56.988999225526015
188,0.05886846882375804,98.125,58.50308641975308,58.867033831628646,58.67952088810985
189,0.0811529778240418,98.125,59.294117647058826,58.064516129032256,58.623769410331874
190,0.07783626836978576,98.75,58.93817204301075,59.11093627065303,59.02161300738487
191,0.09269260140982541,98.75,59.11093627065303,59.11093627065303,59.11093627065303
192,0.08520718989893794,97.5,57.93181818181817,58.62313139260425,58.25617283950618
193,0.061254251790656286,98.75,59.11093627065303,59.11093627065303,59.11093627065303
194,0.07396440148692239,95.625,56.40692640692642,57.891424075531084,57.02994461653994
195,0.08178293359973891,96.25,57.916666666666664,56.93154996066089,57.37166686370817
196,0.08739443667317656,98.75,58.78787878787879,59.51219512195122,59.12808641975308
197,0.07831483600999821,100.0,60.0,60.0,60.0
198,0.07323744241148233,98.75,59.342369477911646,58.70967741935484,59.001594896331746
199,0.06302028767425906,100.0,60.0,60.0,60.0
200,0.07200857941907915,97.5,57.71428571428571,58.842760768033216,58.200154216984515
201,0.08036517436531457,98.125,58.558673469387756,59.268292682926834,58.893202208419595
202,0.061497232961383735,96.875,57.96078431372549,57.21345229924502,57.56659169188352
203,0.0730252794667401,98.75,58.78787878787879,59.51219512195122,59.12808641975308
204,0.052805878475985744,98.75,59.342369477911646,58.70967741935484,59.001594896331746
205,0.07015950514257631,98.125,58.85140562248996,58.465774980330444,58.65275707898659
206,0.07489477064121854,98.125,58.23529411764706,59.268292682926834,58.704252269469656
207,0.07183868529021063,98.125,58.50308641975308,58.867033831628646,58.67952088810985
208,0.05752384158867327,99.375,59.375,59.756097560975604,59.559840296036626
209,0.06821351839144799,100.0,60.0,60.0,60.0
210,0.07196583454920487,100.0,60.0,60.0,60.0
211,0.04346792901527475,98.75,59.11093627065303,59.11093627065303,59.11093627065303
212,0.0634334574622864,97.5,58.22187254130606,58.22187254130606,58.22187254130606
213,0.07548371310853823,99.375,59.375,59.756097560975604,59.559840296036626
214,0.066044698278843,97.5,58.250115857949574,57.820613690007875,58.006097560975604
215,0.06387874035334046,94.375,55.64102564102565,57.07836014530358,56.07539682539682
216,0.07261408450589939,96.25,56.75675675675676,58.354955889984424,57.39130953659613
217,0.06026179481043734,98.125,58.50308641975308,58.867033831628646,58.67952088810985
218,0.06882033759558742,98.75,58.95833333333333,59.51219512195122,59.2250997865033
219,0.08156876714730804,97.5,57.93181818181817,58.62313139260425,58.25617283950618
220,0.058866435788910494,98.125,58.50308641975308,58.867033831628646,58.67952088810985
221,0.08904228547841987,91.875,54.090909090909086,56.647638816813696,54.73933220147141
222,0.04903007250025191,98.75,59.52380952380952,58.70967741935484,59.092369477911646
223,0.07263235459950837,96.875,57.51198695818948,58.379228953579855,57.91835567178816
224,0.06170549616746774,98.75,58.78787878787879,59.51219512195122,59.12808641975308
225,0.08986780309880321,97.5,58.27009322247418,58.22187254130606,58.231628616447075
226,0.051999394803053954,100.0,60.0,60.0,60.0
227,0.06327733765779571,98.75,59.52380952380952,58.70967741935484,59.092369477911646
228,0.5650430274280634,19.375,3.875,20.0,6.492146596858639
229,1.9300929009914398,29.375,5.875,20.0,9.082125603864736
230,4.611679082567042,33.125,23.286647992530344,23.870967741935484,15.715789473684211
231,1.6869642720981077,43.125,19.72590627763042,25.184224182667357,18.891649343406176
232,1.5036758374084125,41.25,27.219973009446694,29.04799370574351,21.92043968617195
233,1.0251907814632764,63.125,38.734739772970656,39.99213217938631,37.45537662266827
234,0.9377513487230648,83.125,48.31696273075583,46.19197482297404,46.32172395585453
235,0.6629858829758384,79.375,44.60598896769109,42.32100708103856,41.71639838402445
236,0.5371458652344617,70.0,44.49110671936759,45.55987076686141,42.4470423712193
237,0.5207466103813865,82.5,48.23565323565323,50.76317859952793,48.69951786467213
238,0.5115787793289531,84.375,48.94444444444444,47.30066792774997,47.90333947123145
239,0.37064349380406464,83.125,47.850830140485314,48.01663960359576,47.90158750237176
240,0.3720161880959164,89.375,52.634946092845055,51.69744044729398,52.1304347826087
241,0.4098952053622766,58.125,44.82837528604119,42.89401878232921,36.00736110477407
242,0.5241054946726019,90.0,52.85870755750274,52.74386058891476,52.764901764901765
243,0.3637476380575787,86.25,50.54079254079254,53.430369787568836,51.45839957604663
244,0.451802713627165,90.0,54.959462436660054,51.28245476003146,52.3312482887892
245,0.3854803392155604,75.0,47.65373134328358,50.062272963155166,45.382133389438245
246,0.3710655529390682,90.0,52.91764705882353,51.68371361132965,52.110271357138444
247,0.31553272090174933,91.25,53.745173745173744,55.63921857475267,54.240553966581366
248,0.31516575813293457,91.25,53.52467685076381,55.41958919932371,54.15440534022996
249,0.22915540906515988,93.125,55.72433888613998,54.32663173577514,54.93571603256123
250,0.335771921006116,90.625,53.24614352783367,55.538945712037766,53.92962664517862
251,0.35722293196754024,76.875,45.03225806451613,40.88487871838224,41.877833541670554
252,0.45283968272534286,80.625,48.98874169550861,51.636506687647525,48.35338680926917
253,0.3674074052409692,88.75,51.47821290678432,53.020573513902605,52.07767722473604
254,0.3027577501806346,94.375,55.9,56.0182131677185,55.9332494569946
255,0.6586991148916158,83.125,49.73376623376623,48.38826857726367,48.73491214667685
256,0.3846376504410397,86.875,51.03347135955831,52.90975442355659,51.55195666022003
257,0.3739732029763135,96.875,57.799183592194346,57.97797010228167,57.885654171050035
258,0.29828817871483887,93.125,55.03048780487804,55.12914943837152,55.07337054937369
259,0.2668157863346013,95.0,55.899122807017534,58.048780487804876,56.73484715132313
260,0.29543063044548035,86.875,53.4089259796807,48.457907159716754,49.369425654901
261,0.251043130051006,76.875,47.729135729135734,45.57761521335186,45.10718718510927
262,0.30434945852241735,90.0,52.92097664900625,55.51467264844234,53.58771311821897
263,0.24093884229660034,90.625,53.24614352783367,55.538945712037766,53.92962664517862
264,0.22086132419380275,92.5,55.503914709312006,53.90109982088153,54.604787699679456
265,0.19398329271511597,90.625,53.16629451505783,55.538945712037766,53.93980048159615
266,0.18967306275259366,98.125,58.85140562248996,58.465774980330444,58.65275707898659
267,0.25948660414327274,94.375,58.02197802197802,54.19354838709678,55.56331115716
268,0.24916429072618484,93.125,54.78632478632479,55.93166714096791,55.2513641470069
269,0.21314185891639104,93.125,54.729824561403504,56.51455546813533,55.41032031754823
270,0.25650783052498644,91.875,55.13061650992686,54.35408540770377,54.58902944977215
271,0.24171275916424664,96.875,58.344537815126046,57.175452399685284,57.706282350553124
272,0.30543733506717463,76.25,48.420398009950254,50.550077841203944,46.19471062357807
273,0.2077719508246942,88.125,51.49232795144853,53.579188777474585,52.14619883040937
274,0.28907769986174325,89.375,55.329106280193244,49.87277566667225,51.43463692109682
275,0.23525017567656256,90.625,53.28733766233766,53.02576292749886,53.129735057445906
276,0.22654148309745573,95.625,56.85162601626016,56.68764752163651,56.76268439992424
277,0.2213569310578433,96.875,58.17078659465449,57.57671125098348,57.85007974481658
278,0.16599985550750385,93.75,55.41189202953908,56.35719905586152,55.82937577546742
279,0.14985995316369968,95.0,55.8974358974359,57.867151011935654,56.60751220562192
280,0.17516017637469553,97.5,57.71428571428571,59.02439024390244,58.28787878787879
281,0.15994729541919447,90.0,52.675808771190745,54.53052546997672,53.23297491039426
282,0.17278297008438545,95.0,57.62352941176471,55.641227380015735,56.40026280281852
283,0.20745431089943106,93.75,55.152167671547524,55.850310527813576,55.36660256997222
284,0.1862444088540294,97.5,59.06976744186047,57.41935483870968,58.14449917898194
285,0.18639435212720523,95.625,57.07265580748699,56.68764752163651,56.85162601626016
286,0.18068291975015943,93.125,54.729824561403504,56.51455546813533,55.41032031754823
287,0.17825118062848394,95.625,56.56499636891793,57.12690627249443,56.79787430494285
288,0.1536277715455402,96.875,57.51198695818948,58.379228953579855,57.91835567178816
289,0.1468367087231441,95.0,56.443745082612125,56.443745082612125,56.443745082612125
290,0.2106337376277555,97.5,58.5960591133005,57.820613690007875,58.184738955823285
291,0.14765130220489067,96.875,57.393894266567386,58.379228953579855,57.840420449116095
292,0.20234672420404173,96.25,57.943567670970836,56.93154996066089,57.3165582465114
293,0.22838271951133554,96.875,57.39705882352941,58.197599477710625,57.75265753760378
294,0.1823593102056872,85.625,51.09367088607595,50.681654585935014,49.34885833436558
295,0.1677695687182925,96.875,57.986785853089785,57.79634062641244,57.888563049853374
296,0.30505196521566674,68.75,46.02469135802469,39.6991814118553,35.43179076891037
297,0.34889342940666457,96.25,56.90592635212888,57.73406766325728,57.29335567178816
298,0.21850260719656944,95.0,57.12316968130922,55.641227380015735,56.28899835796388
299,0.1774023322557861,95.0,56.04670118910625,56.8450039339103,56.41990846681922
300,0.14862620627338236,96.25,57.07575757575758,57.73406766325728,57.38425925925926
301,0.10948723486878655,94.375,55.79416505480335,56.41947201901669,56.08681376411873
302,0.182622193782167,95.625,56.46645021645022,57.891424075531084,57.09078872137462
303,0.17223190939561886,95.625,56.65276179516686,57.49016522423288,57.04490846681922
304,0.11973065103996884,97.5,58.22187254130606,58.22187254130606,58.22187254130606
305,0.15407987480813806,95.625,56.46091497155328,57.70979459966186,57.006286266924576
306,0.1634648469361392,95.625,56.40692640692642,57.891424075531084,57.02994461653994
307,0.11234443973411214,96.875,57.39705882352941,58.197599477710625,57.75265753760378
308,0.12089250727810642,98.125,58.691258462763834,58.867033831628646,58.77621423437874
309,0.13129681763662535,96.25,57.07575757575758,57.73406766325728,57.38425925925926
310,0.13790981987999243,96.875,57.98746004425866,57.175452399685284,57.524781715459675
311,0.16029424736784262,94.375,55.91114457831325,55.83658369184927,55.859589685676646
312,0.1921596791256558,91.875,55.31091954022988,53.25593853055896,54.074164701695054
313,0.4284974919124083,88.75,55.35487708168121,50.76502000435241,52.50224999114177
314,0.2206331008875912,96.875,57.50628626692456,58.197599477710625,57.83064092461257
315,0.1480531348762187,93.75,55.47058823529412,56.17556957999229,55.78114756609381
316,0.14635876041244378,97.5,57.933673469387756,58.62313139260425,58.25828157349897
317,0.1175176701085134,98.125,58.23529411764706,59.268292682926834,58.704252269469656
318,0.14944699724120172,94.375,55.52973342447026,57.04036024574384,56.07601859447635
319,0.15796452642164446,97.5,57.71428571428571,58.66113129216399,58.10618259893622
320,0.17308452031151814,96.25,57.518292682926834,57.33280881195908,57.41842210484227
321,0.1506572071970864,98.75,58.78787878787879,59.51219512195122,59.12808641975308
322,0.14664319843392482,97.5,57.8186274509804,59.02439024390244,58.3663967611336
323,0.11018095690418374,98.75,59.11093627065303,59.11093627065303,59.11093627065303
324,0.1099540633996102,98.125,59.294117647058826,58.064516129032256,58.623769410331874
325,0.11015404041179201,98.75,58.93817204301075,59.11093627065303,59.02161300738487
326,0.14351649065925318,96.25,56.75675675675676,58.53658536585366,57.47580044676098
327,0.12320826575160027,95.625,56.570992033176914,57.891424075531084,57.16436865021772
328,0.13087324281646448,96.25,56.88969258589511,57.953697038686244,57.34564640595496
329,0.13729334775019775,95.625,56.65276179516686,57.49016522423288,57.04490846681922
330,0.15579773341728884,98.125,58.691258462763834,58.867033831628646,58.77621423437874
331,0.1385080057450316,94.375,56.0182131677185,56.0182131677185,56.0182131677185
332,0.12576117654415694,98.75,59.11093627065303,59.11093627065303,59.11093627065303
333,0.12400896263054827,97.5,58.250115857949574,57.820613690007875,58.006097560975604
334,0.11021480628881943,98.125,58.87291099883405,58.68540435575942,58.77614858260019
335,0.11144074729897759,99.375,59.58333333333333,59.756097560975604,59.666774297707455
336,0.10954767931252718,97.5,58.22187254130606,58.22187254130606,58.22187254130606
337,0.13475134028968486,93.125,55.18406593406594,54.909520062942555,54.95139721128421
338,0.17733454882082614,96.25,57.08193041526374,57.55243818738804,57.296449304043804
339,0.12753129157830367,98.125,58.371212121212125,59.268292682926834,58.7918028767571
340,0.11973339319229126,97.5,57.93181818181817,58.62313139260425,58.25617283950618
341,0.10171188761226156,96.875,57.76219512195121,57.57671125098348,57.66232454386666
342,0.10236108362336051,98.125,58.85140562248996,58.465774980330444,58.65275707898659
343,0.11670118214731867,96.25,57.20833333333333,57.73406766325728,57.46143135616819
344,0.0935141130096533,96.25,57.66830870279146,56.93154996066089,57.27710843373493
345,0.11982609881934794,95.0,57.095403837572505,56.04248623131393,56.46399293324284
346,0.10614125705747442,96.875,57.39705882352941,58.197599477710625,57.75265753760378
347,0.11211787384342063,97.5,57.93181818181817,58.62313139260425,58.25617283950618
348,0.11055640927092596,97.5,58.5960591133005,57.820613690007875,58.184738955823285
349,0.07972224285318093,98.125,58.23529411764706,59.268292682926834,58.704252269469656
350,0.10516376797617837,97.5,57.93181818181817,58.62313139260425,58.25617283950618
351,0.10909798453477296,93.75,55.1219512195122,57.19771665801765,55.76179858788554
352,0.11712344778193669,96.25,57.74649618883698,56.93154996066089,57.28235747303544
353,0.09356849471276457,95.625,56.63652802893309,57.70979459966186,57.09719920098602
354,0.05140166833404113,95.0,56.44293272864702,56.443745082612125,56.429355660598745
355,0.08715219965035265,96.875,57.393894266567386,58.379228953579855,57.840420449116095
356,0.09710985820063135,96.25,57.33280881195908,57.33280881195908,57.33280881195908
357,0.09469640720635653,98.75,58.78787878787879,59.51219512195122,59.12808641975308
358,0.22045219647274775,81.25,54.08211143695014,47.19604265363175,47.74499022482893
359,0.20281644944440236,96.875,58.6421568627451,57.175452399685284,57.81136094417336
360,0.08848764023489573,98.75,58.95833333333333,59.51219512195122,59.2250997865033
361,0.12843964619308032,88.125,52.4,53.73118837571354,51.89229361778381
362,0.12407562424513427,96.25,57.93754538852578,57.33280881195908,57.55322738433004
363,0.22858773976225744,91.875,54.10783055198973,55.70149153790783,54.51195499296765
364,0.11975631507282908,95.625,56.552494415487715,57.49016522423288,56.976588628762535
365,0.11389431475915691,98.125,58.691258462763834,58.867033831628646,58.77621423437874
366,0.10407273357056758,95.625,56.65276179516686,57.49016522423288,57.04490846681922
367,0.12540249920196153,95.0,56.45549941702293,56.262115606742896,56.35581622678397
368,0.08099570777267218,98.75,59.33943089430894,59.11093627065303,59.21770239272712
369,0.08351526053791697,98.125,58.23529411764706,59.268292682926834,58.704252269469656
370,0.09724606226452372,94.375,55.72058823529412,56.41947201901669,56.02806114634071
371,0.15058701483278789,97.5,57.98529411764706,58.842760768033216,58.368042152988394
372,0.14084358217025345,96.25,57.39335088874259,57.73406766325728,57.55227001194743
373,0.16806182629344138,95.0,56.065099457504516,57.06463330933927,56.49113859492542
374,0.11877252906560898,99.375,59.375,59.756097560975604,59.559840296036626
375,0.10537148918956518,99.375,59.375,59.756097560975604,59.559840296036626
376,0.10030337702482939,99.375,59.75903614457832,59.354838709677416,59.550919026328856
377,0.10157351780005476,98.75,59.11093627065303,59.11093627065303,59.11093627065303
378,0.0887849230996587,98.75,58.78787878787879,59.51219512195122,59.12808641975308
379,0.10592202164910057,97.5,57.71428571428571,58.842760768033216,58.200154216984515
380,0.07575615343045104,97.5,57.93181818181817,58.62313139260425,58.25617283950618
381,0.12303091644902121,96.875,57.51198695818948,58.379228953579855,57.91835567178816
382,0.10885238351131027,98.125,58.23529411764706,59.268292682926834,58.704252269469656
383,0.07965221256017685,95.0,56.22895622895622,56.66337445804108,56.42605053103766
384,0.07713738312436776,97.5,58.22187254130606,58.22187254130606,58.22187254130606
385,0.07467991862954064,100.0,60.0,60.0,60.0
386,0.09729964954947884,98.125,58.85140562248996,58.465774980330444,58.65275707898659
387,0.10161630819890309,95.0,56.443745082612125,56.443745082612125,56.443745082612125
388,0.08870982569219037,98.125,58.85140562248996,58.465774980330444,58.65275707898659
389,0.08202674117108638,97.5,58.5960591133005,57.820613690007875,58.184738955823285
390,0.09582740051502531,96.875,57.51198695818948,58.379228953579855,57.91835567178816
391,0.08327916556630623,98.75,58.78787878787879,59.51219512195122,59.12808641975308
392,0.1060348777312108,99.375,59.375,59.756097560975604,59.559840296036626
393,0.07463090714405883,98.75,59.11093627065303,59.11093627065303,59.11093627065303
394,0.08810342725535686,98.75,59.11093627065303,59.11093627065303,59.11093627065303
395,0.10332866487177936,98.75,59.11093627065303,59.11093627065303,59.11093627065303
396,0.09782501238144257,97.5,57.93181818181817,58.62313139260425,58.25617283950618
397,0.13676212181929837,98.125,58.23529411764706,59.268292682926834,58.704252269469656
398,0.09032160750674931,99.375,59.375,59.756097560975604,59.559840296036626
399,0.07208063402636485,96.875,57.63719512195122,57.79634062641244,57.70983977120877
400,0.07746987176043066,98.75,58.95833333333333,59.51219512195122,59.2250997865033
401,0.11914021623405543,99.375,59.75903614457832,59.354838709677416,59.550919026328856
402,0.09302965720946138,94.375,55.72058823529412,56.41947201901669,56.02806114634071
403,0.08308726489882577,97.5,58.04024306543683,58.04024306543683,58.04024306543683
404,0.08640952763909643,98.125,58.23529411764706,59.08666320705761,58.614955733235306
405,0.06880053606900302,100.0,60.0,60.0,60.0
406,0.10098392855037343,96.25,56.90592635212888,57.73406766325728,57.29335567178816
407,0.10455488993532279,97.5,57.93181818181817,58.62313139260425,58.25617283950618
408,0.06312847696244717,97.5,58.27009322247418,58.22187254130606,58.231628616447075
409,0.06890044632283124,97.5,58.61904761904761,58.04024306543683,58.31941196833873
410,0.08905137338760225,98.75,58.78787878787879,59.51219512195122,59.12808641975308
411,0.1016141355926679,98.125,58.85140562248996,58.465774980330444,58.65275707898659
412,0.07969283735887571,98.125,58.50308641975308,58.867033831628646,58.67952088810985
413,0.08166991521350363,98.125,58.85140562248996,58.465774980330444,58.65275707898659
414,0.062033087417313997,96.25,57.20833333333333,57.73406766325728,57.46143135616819
415,0.08887838199734688,95.625,56.3400900900901,58.29268292682927,57.13304805663465
416,0.0811972378922457,96.875,57.393894266567386,58.379228953579855,57.840420449116095
417,0.09334665922109377,96.875,57.222222222222214,58.78048780487804,57.8785318689571
418,0.057018797950480475,96.875,57.63117283950616,57.97797010228167,57.79920148018307
419,0.11219085202637044,96.875,57.79634062641244,57.79634062641244,57.79634062641244
420,0.0700597059277987,98.75,59.11093627065303,59.11093627065303,59.11093627065303
421,0.10863427170128985,97.5,57.71428571428571,59.02439024390244,58.28787878787879
422,0.06431523191911931,98.125,58.50308641975308,58.867033831628646,58.67952088810985
423,0.06510974462567405,97.5,58.86904761904761,57.820613690007875,58.29059682082478
424,0.08668401642617854,100.0,60.0,60.0,60.0
425,0.09307897728021172,98.125,58.50308641975308,58.867033831628646,58.67952088810985
426,0.06281301112506878,98.75,59.33943089430894,59.11093627065303,59.21770239272712
427,0.07329098719426176,98.75,59.11093627065303,59.11093627065303,59.11093627065303
428,0.0726543070579117,98.125,58.371212121212125,59.268292682926834,58.7918028767571
429,0.07032679630951448,97.5,57.71428571428571,59.02439024390244,58.28787878787879
430,0.06745558037337931,99.375,59.375,59.756097560975604,59.559840296036626
431,0.05656238221986727,98.125,58.50308641975308,58.867033831628646,58.67952088810985
432,0.07761724549345672,96.875,57.63719512195122,57.79634062641244,57.70983977120877
433,0.09135959581048651,98.75,58.78787878787879,59.51219512195122,59.12808641975308
434,0.07657137273980136,99.375,59.58333333333333,59.756097560975604,59.666774297707455
435,0.1326243362643502,98.75,59.11093627065303,59.11093627065303,59.11093627065303
436,0.07243989543481306,99.375,59.75903614457832,59.354838709677416,59.550919026328856
437,0.06054946953769435,98.75,58.78787878787879,59.33056564608199,59.03724685005608
438,0.0691836321811107,98.75,59.11093627065303,59.11093627065303,59.11093627065303
439,0.0947230097583749,97.5,57.98529411764706,58.842760768033216,58.368042152988394
440,0.06538799760693853,98.75,58.78787878787879,59.51219512195122,59.12808641975308
441,0.09316513695838777,97.5,57.71428571428571,59.02439024390244,58.28787878787879
442,0.059847006256776775,98.75,58.78787878787879,59.51219512195122,59.12808641975308
443,0.05214366246946156,98.75,58.95833333333333,59.51219512195122,59.2250997865033
444,0.07485685565254906,98.75,58.78787878787879,59.33056564608199,59.03724685005608
445,0.08249794732017274,98.75,58.93817204301075,59.11093627065303,59.02161300738487
446,0.07824210229922425,96.875,57.393894266567386,58.379228953579855,57.840420449116095
447,0.08197405324740843,98.125,58.23529411764706,59.268292682926834,58.704252269469656
448,0.053119166627187624,98.125,58.23529411764706,59.268292682926834,58.704252269469656
449,0.07096081193197858,96.875,57.68050891242573,58.379228953579855,58.00983436853003
450,0.066563647325066,95.625,56.552494415487715,57.49016522423288,56.976588628762535
451,0.078050777845254,98.125,58.23529411764706,59.268292682926834,58.704252269469656
452,0.08356810903007333,98.75,59.113874854255734,58.929306794783805,59.01857282502444
453,0.07932056359608065,98.75,59.11093627065303,59.11093627065303,59.11093627065303
454,0.0660781730813059,100.0,60.0,60.0,60.0
455,0.07981803430117328,96.25,56.7966903073286,58.354955889984424,57.452999954063486
456,0.07888305166058919,97.5,57.93181818181817,58.62313139260425,58.25617283950618
457,0.06342208647931163,99.375,59.75903614457832,59.354838709677416,59.550919026328856
458,0.06776049195534804,98.75,58.78787878787879,59.51219512195122,59.12808641975308
459,0.06547853448004885,100.0,60.0,60.0,60.0
460,0.053761981216005304,98.75,58.95833333333333,59.51219512195122,59.2250997865033
461,0.06895820593292062,99.375,59.75903614457832,59.354838709677416,59.550919026328856
462,0.07887821195816452,98.75,59.52380952380952,58.70967741935484,59.092369477911646
463,0.05127624699591913,98.75,59.11093627065303,59.11093627065303,59.11093627065303
464,0.0653862378729338,96.875,57.99539170506912,57.614711150543215,57.79296709981581
465,0.06266132594001564,98.75,58.78787878787879,59.51219512195122,59.12808641975308
466,0.05044344916347076,98.75,59.11093627065303,59.11093627065303,59.11093627065303
467,0.05847949339923533,100.0,60.0,60.0,60.0
468,0.06790228903462942,100.0,60.0,60.0,60.0
469,0.08236402671106836,98.125,58.50308641975308,58.867033831628646,58.67952088810985
470,0.06314343865960836,100.0,60.0,60.0,60.0
471,0.08123506886080246,98.125,58.50308641975308,58.867033831628646,58.67952088810985
472,0.050546326166526837,97.5,57.93181818181817,58.62313139260425,58.25617283950618
473,0.053642598488791424,98.75,58.78787878787879,59.51219512195122,59.12808641975308
474,0.04930460899644955,97.5,58.42886178861788,58.22187254130606,58.31806224878469
475,0.07863275393504988,99.375,59.375,59.756097560975604,59.559840296036626
476,0.0636675982228057,97.5,57.71428571428571,59.02439024390244,58.28787878787879
477,0.055131519340317355,98.125,58.23529411764706,59.268292682926834,58.704252269469656
478,0.07625314080029387,98.75,59.11093627065303,59.11093627065303,59.11093627065303
479,0.0550772219218991,97.5,57.93181818181817,58.62313139260425,58.25617283950618
480,0.07083058124408126,99.375,59.375,59.756097560975604,59.559840296036626
481,0.06175887415354902,98.125,58.23529411764706,59.268292682926834,58.704252269469656
482,0.05386224881195548,96.875,58.17078659465449,57.57671125098348,57.85007974481658
483,0.058093501911075277,98.125,58.50308641975308,58.867033831628646,58.67952088810985
484,0.07457230536436493,98.75,59.11093627065303,59.11093627065303,59.11093627065303
485,0.06675519449213012,99.375,59.75903614457832,59.354838709677416,59.550919026328856
486,0.07225717498328198,99.375,59.375,59.756097560975604,59.559840296036626
487,0.06419884728860449,98.75,59.11093627065303,59.11093627065303,59.11093627065303
488,0.04972362505610694,99.375,59.375,59.756097560975604,59.559840296036626
489,0.04988505404484882,97.5,58.08333333333333,58.62313139260425,58.34326557133575
490,0.05229799779640003,98.75,58.78787878787879,59.33056564608199,59.03724685005608
491,0.06776252369904383,96.25,57.07575757575758,57.73406766325728,57.38425925925926
492,0.055264829022979196,98.75,58.78787878787879,59.51219512195122,59.12808641975308
493,0.08214916314252398,98.125,58.371212121212125,59.268292682926834,58.7918028767571
494,0.04712918891825459,97.5,58.22187254130606,58.22187254130606,58.22187254130606
495,0.06999032114717094,98.75,59.33943089430894,59.11093627065303,59.21770239272712
496,0.08372557603500107,97.5,57.71428571428571,59.02439024390244,58.28787878787879
497,0.07001069171184843,98.75,59.11093627065303,59.11093627065303,59.11093627065303
498,0.06829336374490098,98.125,58.371212121212125,59.268292682926834,58.7918028767571
499,0.08553871070034802,98.125,58.23529411764706,59.268292682926834,58.704252269469656
500,0.07205130388452248,98.125,58.23529411764706,59.268292682926834,58.704252269469656
